trial_number,trial_outcome,target_index,reaction_time,movement_time,trial_duration,endpoint_error,max_speed,mean_speed,peak_speed_time,speed_variability,path_length,straight_distance,path_efficiency,total_curvature
1,lose,4,32.151547,4.013927,36.165474,0.594117404466289,1.1908656992904214,0.046641619011008655,33.950558901,0.17817482679977256,1.6897081076978602,1.0,0.5918181935946607,29.941739405221522
2,win,4,0.05208,2.653523,2.705604,0.6327400350188904,0.9637622858297538,0.36179705364059017,0.513972998,0.3205652190066643,0.9878364125421593,1.0,1.0123133621148244,19.136009205866436
3,win,7,0.412719,2.987431,3.400151,0.6122479113355441,0.8441266581232937,0.17665955257718197,0.59231782,0.2047619365448958,0.6045348307519935,1.0,1.6541644072949098,22.732808560033533
4,win,7,0.69751,2.362061,3.059571,0.6152196115371318,0.8247930601566432,0.19282109826609345,2.162686109,0.2070766853199564,0.5935065038795292,1.0,1.6849015022807257,7.882730776772707
5,win,5,3.166074,1.315865,4.48194,0.6349665688465865,0.858724235554386,0.08417584608988851,3.294904948,0.18209658625328293,0.3800835348835907,1.0,2.631000578086796,13.741758245968512
6,win,1,0.335384,1.3916819999999999,1.727067,0.6393618818241172,0.9999633969559424,0.23415984242640103,0.463753224,0.2886570052772611,0.4098220228921172,1.0,2.440083607374226,7.306538442667916
7,win,6,0.54228,1.903261,2.445541,0.5927728173430319,0.8211374046424479,0.18242250151828654,1.286031961,0.20995474866823616,0.44922978272054087,1.0,2.226032285624493,31.80467647796896
8,win,5,0.41329,1.981681,2.394972,0.6032981709143361,0.743110600301705,0.19200492336444772,1.650912047,0.2105851061286732,0.4654256935553581,1.0,2.148570682381245,24.301124972152696
9,win,6,0.563899,1.780397,2.344296,0.635635219694126,0.810333251953125,0.23358731399906957,1.153980016,0.26073589437633,0.5542030060679708,1.0,1.8043929553809637,12.566370614359172
10,win,5,0.514986,2.397411,2.912398,0.639428965091194,0.7119242146766287,0.164765600339455,1.366883993,0.1750600995178024,0.48373344589986567,1.0,2.067254204719603,27.11703937495936
11,win,4,0.94939,2.620536,3.569926,0.6332220178512867,0.6391793023047486,0.15157288063529423,1.15443182,0.2074975702356018,0.5453839025702507,1.0,1.8335708026717754,26.264785022794552
12,lose,2,0.333277,4.020499,4.353777,0.8799629213005433,1.0435286931522443,0.3239390668713229,3.788848877,0.33653294821087826,1.4176418109820645,1.0,0.7053968021070532,25.289914958229524
13,win,2,0.357625,1.388935,1.7465600000000001,0.6191281397335385,0.9658655212937756,0.2425031618020643,0.460269928,0.28872594926659684,0.4305523177500087,1.0,2.322598111248885,7.479604154280518
14,win,4,0.386124,2.113286,2.49941,0.6192675476117592,0.5631894350286398,0.2505299934556845,1.516942024,0.19239984452691458,0.6317887550859763,1.0,1.5828075317103674,20.017208032390762
15,win,4,0.207489,2.909893,3.117383,0.5952356662109796,0.5835058650391719,0.2006792493900518,0.645398856,0.18246047712163047,0.6307296804847062,1.0,1.5854652649793095,23.94879783302231
16,win,0,0.414429,1.723279,2.137708,0.6368209500581067,0.6126469662361077,0.21685406893446363,0.491724014,0.19902371454160458,0.46904917641206384,1.0,2.1319726167080852,10.715162341418644
17,win,2,0.286709,1.51754,1.8042500000000001,0.6261929878164537,0.8731312086989483,0.2928308837252533,0.596694947,0.2948575344197108,0.5355800673969614,1.0,1.8671344601381883,13.819329700008707
18,win,5,0.563716,1.854991,2.418708,0.6117434177566826,0.9714803390549472,0.20089068226183548,1.518052817,0.2560933271905646,0.4921994304575935,1.0,2.031696784107021,24.30176823714057
19,win,1,0.362456,3.557893,3.92035,0.5840752248836512,0.9851799187815623,0.21815326161348342,0.467073679,0.23762952335018594,0.859665353000601,1.0,1.1632433440635601,16.72914240865548
20,win,6,0.540671,1.959562,2.500233,0.6287261525094828,0.6734619140625,0.1686592871888285,1.389302969,0.20402902746081172,0.425552725707279,1.0,2.3498850779018645,28.332228005568517
21,win,4,0.309606,3.804373,4.11398,0.6233289220499236,0.7457075530031121,0.18092534460935508,2.619776965,0.19404498086284627,0.7497053730806477,1.0,1.333857320364206,25.50986255313596
22,win,6,0.693336,3.038295,3.731632,0.5965409346072231,0.8391540589716479,0.14333943693821347,1.208427906,0.21348035584158295,0.5388926975710224,1.0,1.85565698794463,27.69532297605148
23,win,7,0.30797,2.398394,2.7063639999999998,0.6208361849423235,0.8382430413631693,0.19745334035874226,0.771501064,0.26235413182069167,0.5396500408853053,1.0,1.8530527642682701,27.80743727645496
24,win,4,0.335036,2.530513,2.86555,0.6069956474926843,0.6131295818435691,0.21301794945306965,1.367347956,0.1977478396881198,0.6158206875692316,1.0,1.6238493122847197,28.598824904205635
25,win,5,0.312942,3.116478,3.429421,0.6079795010733839,1.0895227336325037,0.2362556335483049,1.315415144,0.23500451321794494,0.8157359553298231,1.0,1.2258868736461104,24.779146933159204
26,win,3,0.41328,1.469649,1.8829289999999999,0.6143964154518938,0.7895775361679706,0.30076923257862925,0.671154022,0.27529114457055026,0.5744759639136703,1.0,1.7407168668770894,9.348510592821986
27,win,4,0.360488,2.143406,2.503895,0.6293925402480105,0.7073304625965949,0.2081436020699455,0.568248034,0.22910599037363202,0.5267096970099198,1.0,1.8985790572622903,19.247322195407108
28,win,3,0.598045,1.134621,1.732666,0.6206838601972545,0.5328025920427731,0.2240287123817367,0.781013965,0.2178624503631565,0.39348450113275774,1.0,2.5413961594960255,3.32315788817832
29,win,5,0.362028,1.798559,2.160588,0.6228599500053192,0.9801782447424444,0.1909751475854332,1.186806917,0.23221753939848405,0.41853359889463776,1.0,2.3892944381073247,24.284472553124168
30,win,4,7.311918,1.053987,8.365906,0.588146034065278,0.851409912109375,0.05169383469332057,7.567497968,0.18397204040898313,0.434143396396154,1.0,2.303386411727208,12.088804396012474
31,win,2,0.387125,1.572247,1.959373,0.6330907970853369,0.6730514168655258,0.1880616671569227,0.799785852,0.17976889404560478,0.3728750850374507,1.0,2.6818632837846015,1.6387492519397302
32,win,7,0.385208,1.493223,1.878432,0.6137063875769824,0.7838698329606205,0.2638633151489917,0.488412857,0.2529131746448152,0.5020593592549605,1.0,1.9917963514990877,10.92251136581225
33,win,5,0.359008,1.057886,1.416894,0.6384949164484001,0.937170092331836,0.26316577262758495,1.031203031,0.30404784456070805,0.3804455558227161,1.0,2.6284969943662326,12.643365141518906
34,win,2,0.360193,1.160727,1.52092,0.6044913141397122,0.8233944411574177,0.25734451271597414,0.796135902,0.22750880913711197,0.3977180355274761,1.0,2.5143441098258057,0.5358038732451194
35,win,1,0.33587,1.827623,2.163494,0.6277647328604938,0.6822294633510455,0.2189687725942701,0.540273905,0.23171260480230946,0.47911610620917733,1.0,2.0871767553633647,6.283185307179586
36,win,6,0.536773,1.854256,2.3910299999999998,0.6363429004404912,0.8429859668053573,0.20074771557273877,1.18362093,0.25352700694098085,0.48601926501337817,1.0,2.057531608284034,27.365098481146525
37,win,2,0.335149,2.6218339999999998,2.956984,0.6407311684647287,0.8251047491002845,0.2156393339353296,0.796836138,0.22556798801282324,0.6433256046641189,1.0,1.5544228190981162,16.611380860259402
38,win,3,1.132662,3.278598,4.41126,0.6386637571285054,0.70281982421875,0.15160646448176782,1.568510294,0.19130769744138307,0.6719009416835472,1.0,1.4883146278889743,21.30952082682206
39,win,6,0.180956,1.260921,1.441878,0.6264654172182558,0.7868733708940099,0.2734232943083678,0.438611031,0.26291758790597825,0.39957954426179354,1.0,2.5026306135051484,18.655549330504613
40,win,4,0.358541,1.264377,1.6229179999999999,0.6352280540975028,0.57379150390625,0.23123681166426308,0.670713424,0.21230419895282157,0.38153415131112633,1.0,2.6209973512555598,3.999579492213249
41,win,3,0.386647,1.646677,2.033325,0.6261148388148002,0.614837646484375,0.22040326707095464,0.979110957,0.16974350512148756,0.4540016033865784,1.0,2.202635392784084,8.583556634442303
42,lose,0,0.335736,4.005312,4.341049,0.6236272836055036,0.6501310262872914,0.13585150430852996,0.439279079,0.20198809244038435,0.5935993201391352,1.0,1.6846380480449465,20.40716307787719
43,win,0,0.281432,2.6001659999999998,2.881598,0.6226389363563384,0.721893536961338,0.19369152531262315,0.436077834,0.23653467556732893,0.5638014826431895,1.0,1.7736739451479333,18.301273144941895
44,win,7,0.41076,1.5941969999999999,2.004958,0.594204447257813,0.8038196165784062,0.2313839474544945,0.76918912,0.2654658836044644,0.471725293054177,1.0,2.1198778499357496,9.98343993946791
45,win,5,0.311958,1.264583,1.576541,0.6350359202030809,0.6382819693116578,0.2402647324681466,0.700460911,0.25518201365119286,0.38469913705337105,1.0,2.5994339567787113,11.455044625730398
46,win,7,0.206256,1.415686,1.621943,0.6298747277870455,0.7147357238901242,0.2573368022462314,0.589649916,0.22267568103486296,0.42418940981041364,1.0,2.3574374486315866,18.89842988002036
47,win,0,0.359652,2.006448,2.366101,0.6028413082995888,0.787417908630237,0.20937414935697365,0.974720001,0.21723139657681786,0.49933028123679024,1.0,2.0026824680512103,8.320704544097493
48,win,7,0.310652,2.089947,2.400599,0.5972308855162597,1.0439738835313814,0.22720613792405317,0.853857041,0.2741592171832518,0.5498630310971653,1.0,1.8186347207315559,13.585640594377384
49,lose,0,3.434535,4.024362,7.458898,0.4333255083329957,0.7216872407159184,0.15558218371616128,3.510925293,0.18608827327684588,1.1621678557458972,1.0,0.860460900769093,26.31038861520749
50,win,0,0.309707,2.49168,2.801388,0.6189623925248592,0.6910590745507302,0.13910179204765782,0.413344145,0.1830223995035451,0.3942733845380513,1.0,2.536311197296885,10.713268939377226
51,lose,0,2.853079,4.020138,6.873218,0.8473010389914626,0.8613344655052244,0.2827312561964312,3.139077902,0.25385589304392403,1.9522905611909285,1.0,0.5122188366213193,3.137738161075819
52,win,0,0.127089,1.8822640000000002,2.009353,0.5886672309675407,1.082703822910677,0.287682610287896,0.927094936,0.28303323096565913,0.5861205332609578,1.0,1.7061337101370089,12.827526688716839
53,win,3,0.35939,1.083281,1.442672,0.6005258921835775,0.6899111323318864,0.2898861843617517,0.900366068,0.2446907343208565,0.4257192708110642,1.0,2.348965782297893,7.8874000211723905
54,win,2,0.308632,3.376599,3.685231,0.6318730801803797,0.583619473393433,0.14029710960663472,0.4109838,0.16420385815020888,0.5202406830251365,1.0,1.9221872349258065,18.25898650442919
55,win,4,0.410656,1.416624,1.82728,0.6185253018518668,0.6324462890625,0.21321407500059053,0.87293911,0.1877709182197426,0.3955075085564453,1.0,2.5283970047746487,11.54630569877888
56,win,5,0.871649,1.26159,2.133239,0.5966812330405383,0.6513277582362238,0.19087621907101096,1.821776867,0.21348396836696742,0.4117704409427097,1.0,2.4285376038906388,7.049483427341817
57,win,2,0.386062,1.679345,2.065407,0.5972463467865402,0.69500732421875,0.2596179037701393,0.824050903,0.2502749603298971,0.5425454582343802,1.0,1.8431635263417854,12.951635481974087
58,win,0,0.127944,1.625326,1.753271,0.5926955413437089,0.9690694368825171,0.31510631310709436,0.540685892,0.2768010441830816,0.5595571828680969,1.0,1.7871274475905132,9.65492335406412
59,lose,0,26.566962,4.019609,30.586571,0.40667302203376,1.081737400084534,0.043014130722237746,29.613896132,0.16200684725390105,1.318537678221095,1.0,0.7584159455717261,26.71726628435561
60,lose,0,0.593521,4.008397,4.6019179999999995,0.5037967220098876,0.323516845703125,0.10731777615017361,1.593142987,0.1431663762723149,0.49620327799011243,1.0,2.015303091205952,3.141592653589793
61,win,0,1.383101,3.968287,5.351389,0.6000932185605371,1.04378942373054,0.1711286265192294,1.795847893,0.2497692000642057,0.9212800105906841,1.0,1.0854463230552935,36.60285972076819
62,lose,6,0.821534,4.017233,4.838768,2.54570468303883,0.9507817779490965,0.4035776000709294,2.910053015,0.4241760799343274,1.9669548552223741,1.0,0.5084000770759657,4.615767564562362
63,win,6,109.699893,0.910593,110.610487,0.6197013056606764,0.894378662109375,0.0034470014027587524,110.219975949,0.04672151134588589,0.38356655575412524,1.0,2.6071094703079964,7.376026330785763
64,win,2,0.128319,2.390987,2.519307,0.6215772231543716,0.4119848011082062,0.21843012601936837,0.620380878,0.13067476586750743,0.5558547841109436,1.0,1.7990310213834717,11.111974608158372
65,win,0,0.184666,1.811145,1.995811,0.6075028258412453,0.7160418962423792,0.27502648656570966,0.496119976,0.2042546373453497,0.5561166961606199,1.0,1.798183738959666,12.743876800679109
66,win,6,0.154762,1.775522,1.9302839999999999,0.5877085546457389,0.8997511387394429,0.2964653745985285,0.756819963,0.2976552694778466,0.5835822219694757,1.0,1.7135545983995122,20.551284499657875
67,win,5,0.179481,1.38069,1.5601720000000001,0.6012787025783123,0.5585933565258427,0.2555086088469947,0.648036957,0.22095613054477475,0.40517674744804283,1.0,2.468058708448548,11.932051972738037
68,win,7,0.412723,2.477423,2.890146,0.6099946894344028,0.804443359375,0.21580764113681408,1.092596769,0.2570300047607251,0.6325621237376594,1.0,1.5808723957280866,18.46857175279562
69,win,1,0.182581,1.503868,1.68645,0.5983027862563954,0.852529178859229,0.31949430507384974,0.648701906,0.2885471546049258,0.5468790452930841,1.0,1.828557902532321,9.144603590257377
70,win,3,0.156563,3.231101,3.387664,0.6131159032482382,0.52294921875,0.15248143549883184,0.521534205,0.1261993176504561,0.5186207353206549,1.0,1.9281913195809959,18.6834467306219
71,win,6,0.104147,1.455219,1.559367,0.5905639136413444,0.9040564439879275,0.33981029250974826,0.78070116,0.2944890268359577,0.5379425447486721,1.0,1.8589345828134902,9.792152742423841
72,win,7,0.153774,1.380531,1.534305,0.5935648769728087,1.1362590130481547,0.447225060946526,0.597811938,0.3424718255680377,0.702955060538195,1.0,1.422566044598046,6.55971012703952
73,win,6,0.471199,0.932442,1.403642,0.6162406311607883,0.9079431233427229,0.2692057548329903,0.861205101,0.3155624676298446,0.38535761031039334,1.0,2.594992218252889,6.659096668844878
74,win,0,0.07778,2.131314,2.209095,0.6014337008279899,0.704742431640625,0.3440065480063041,0.807820081,0.2230710134922201,0.7676877148686196,1.0,1.3026130034803771,14.28040512768153
75,lose,2,0.421313,4.017251,4.438564,0.6381570885654828,0.838389197760164,0.16387286693458397,1.786921025,0.20947570219373557,0.7290427707173897,1.0,1.371661636553894,25.22533561551772
76,win,2,0.103779,1.449811,1.553591,0.614631470351599,0.745819091796875,0.35333935632357283,0.543119193,0.25329001425064684,0.5566013225070383,1.0,1.796618081135362,10.47772049259116
77,win,4,0.079695,3.8350109999999997,3.914707,0.6293225161387169,0.6226810065700215,0.16554142448922912,0.393038988,0.16961359077443638,0.6506397325574522,1.0,1.5369488673391136,21.19263181363073
78,win,0,0.18068,2.373689,2.55437,0.5998489274024064,0.9112003103115581,0.325942773146197,1.068267345,0.2668771265220837,0.8435792754593382,1.0,1.1854250443213994,14.401503699730544
79,win,4,0.232421,2.563616,2.7960380000000002,0.6155658679824163,0.652008056640625,0.14766219824043159,1.655534982,0.1971124534056741,0.4165477413459213,1.0,2.4006852054193515,18.44380237744157
80,win,2,0.129333,2.44009,2.569423,0.6162116674360836,0.829651175820028,0.26623385232069174,1.142904043,0.2522081200666878,0.6913133600378809,1.0,1.446522022871371,20.05297669896961
81,lose,0,0.079298,4.008586,4.087885,0.6124693572459621,0.7573409087889438,0.2120763010247183,0.599837065,0.23029980816502296,0.8688656738495888,1.0,1.1509258911903018,28.536073640843753
82,win,0,0.026606,3.068095,3.094702,0.6352383554968889,1.0259192539144364,0.32475140134093256,0.521929026,0.2848603978339034,1.0129287387944936,1.0,0.9872362800073375,23.400257185916214
83,win,1,0.209045,1.406172,1.615217,0.6187920699065131,0.8878758407432644,0.304811212214771,0.700229884,0.3044815249765246,0.4984660534745996,1.0,2.0061546679646804,17.360181534435682
84,win,7,0.313116,1.8543690000000002,2.167485,0.5910115162713558,0.9854064837254564,0.32962406717247583,1.12272191,0.32334609430817973,0.722853414056007,1.0,1.3834063456778798,12.639475691317761
85,win,7,0.102827,2.384305,2.487132,0.6097209505842628,0.9516100070240919,0.2592635959985776,0.598206044,0.2410384747765969,0.6545994241829769,1.0,1.5276518173662113,18.94346211838041
86,win,4,227.220586,1.422436,228.643023,0.6221524768826787,0.7281940513672114,0.0018257206851261983,227.452413082,0.03208556722747948,0.4167481930711837,1.0,2.3995304997739786,12.967076143622231
87,win,7,1.244385,2.536294,3.780679,0.6035290055289768,0.8608602834039498,0.18680149554884776,2.079851866,0.2660174720998227,0.7109867351236764,1.0,1.4064960014001522,13.89009835410021
88,win,6,1.368071,1.420861,2.788932,0.6077188090134851,1.0190796217200933,0.17133089754991812,1.857880116,0.2548522061541076,0.4822389806729859,1.0,2.07366065390329,8.280851058826173
89,win,1,1.031563,1.120797,2.152361,0.6183469203521459,0.7305849570642198,0.1788471136662199,1.603384017,0.2375602392038427,0.3893803098130878,1.0,2.5681832768586186,3.7509613428916277
90,win,2,0.051492,2.524404,2.575897,0.6056437945269497,0.9557885748431469,0.2607773458620328,1.795836926,0.2531724060594828,0.6791803085365054,1.0,1.4723630638744452,15.628146291602405
91,win,4,0.856212,1.112818,1.969031,0.6049127455169229,0.763427734375,0.19975875970038434,1.141435146,0.25973669838711533,0.39781038516240164,1.0,2.5137604177723043,4.6034668255541185
92,win,6,0.130036,1.656574,1.78661,0.6223070153044141,1.0868901222690852,0.2654388860123712,0.386916161,0.31104564467245643,0.47971610084305116,1.0,2.0845662637601783,16.246186222160468
93,win,0,0.133877,2.016893,2.15077,0.618888949916811,0.7314445160732849,0.24261659104486077,1.373831033,0.19522663390396328,0.5272455487887082,1.0,1.8966494876958107,14.736707945211064
94,win,7,1.195021,3.223693,4.418715,0.6098170379249946,0.581396974195122,0.13435327644100323,1.691609144,0.17122198305541264,0.5998721332462114,1.0,1.6670219278040046,19.991903969100147
95,win,3,1.162286,1.929541,3.091827,0.6170296906876593,0.5011323924430474,0.15485644872353196,1.60546112,0.17249166146775882,0.4841400568424921,1.0,2.065517996015222,10.110352755382614
96,win,1,0.104435,1.950891,2.055326,0.6201560904127288,0.6023011201463044,0.2588067089052295,1.070091963,0.19227929512419192,0.5391431605854828,1.0,1.8547949285196337,15.746695762030333
97,win,1,0.025443,2.646965,2.672409,0.6181365442822312,0.6900369378248038,0.2687037129328073,0.878515005,0.18936516733554126,0.7247676609390276,1.0,1.3797525109003543,14.607975263952756
98,win,5,0.10276,1.691636,1.7943959999999999,0.6205808410435776,0.8584416159445051,0.2582809483480006,0.467905045,0.22113680899881474,0.47089816023181247,1.0,2.1236014162971517,21.730874407987134
99,win,6,0.054279,2.170146,2.224426,0.6006099621217139,0.986792423479708,0.36775720002518975,0.336791754,0.3043292044148555,0.8259776601620469,1.0,1.21068649702198,12.126224857075044
100,win,6,0.105151,2.036442,2.141594,0.6062147921531411,1.0581048112558278,0.422182574315139,0.544499159,0.33297560510352936,0.9176834104872736,1.0,1.0897004223591855,15.236416799385744
101,win,0,0.102807,1.45085,1.5536569999999998,0.5878370591862525,0.6798342239477,0.40968594253420404,0.544156074,0.2364257579763515,0.647827366856101,1.0,1.543621111366426,11.858334556490899
102,win,1,0.43575,2.475732,2.911483,0.6251878508359708,0.6157540578798477,0.18978988745979478,0.490496158,0.19775275221419625,0.5577491871154157,1.0,1.7929205870685903,17.185756104013713
103,win,0,0.079144,1.866973,1.946118,0.6045166885940974,0.7653823256288443,0.2559171335287845,0.653856993,0.24401803499536437,0.5045383268694522,1.0,1.9820099816891552,15.497281524516609
104,win,0,0.155113,2.9821,3.137213,0.6112129450305628,1.0567898715414556,0.26087657987520374,0.697876931,0.28248456147976597,0.8265353878523769,1.0,1.2098695527100707,26.08126229891431
105,win,0,0.236848,2.262863,2.499711,0.6208426343335108,0.7296125530997176,0.24343478656649037,0.831794023,0.2196183207510972,0.6120229394684789,1.0,1.6339256840086192,14.012131987459679
106,lose,7,0.025388,4.009132,4.03452,0.9980198382332869,0.11041259765625,0.0007032649532245223,0.025388002,0.008783776450461791,0.00280315525012207,1.0,356.74085477657815,1.5707963267948966
107,win,7,21.858358,2.877613,24.735971,0.6592495709198887,1.28285829346752,0.06752477526147733,22.091809988,0.2244227894819755,1.6716007799825467,1.0,0.5982289623066824,24.57304454739959
108,win,5,0.415431,1.6627800000000001,2.078212,0.6217043574155762,0.7713818282771491,0.22070077938970886,1.061491966,0.2469213205127336,0.46312173404889073,1.0,2.159259491575561,30.94304980524832
109,win,7,0.103274,1.331874,1.4351479999999999,0.6304453679906441,0.8805646138862034,0.3034751391672194,0.762356043,0.2684753492709202,0.44528118893646834,1.0,2.245771941070427,11.802500880572035
110,win,3,0.180245,1.34389,1.524135,0.6097747175224723,0.6544021443475072,0.3211684035348846,0.464262724,0.21963245610402074,0.4984876851750878,1.0,2.0060676115775298,10.384504686544322
111,win,3,0.364083,1.189891,1.553974,0.59994013024349,0.6317491457021588,0.27532803215570917,0.753567219,0.2445603396653271,0.43428155203460866,1.0,2.3026536478811983,2.903387307126452
112,win,5,0.364693,2.056169,2.4208629999999998,0.598431354731749,0.6342468526029194,0.2008638543750734,0.98910594,0.2100414411972977,0.4906897709200162,1.0,2.0379475164625,27.14086115246952
113,win,6,0.155388,1.601834,1.757222,0.603619492142799,1.078581313475035,0.3017914928860396,0.725283146,0.28467849550894236,0.5387617619535694,1.0,1.8561079694556724,13.784937349822542
114,win,3,0.440225,1.2700529999999999,1.7102789999999999,0.615063265230725,0.7729721939470161,0.25134156286411224,0.854682922,0.27686271522755107,0.4367993384055396,1.0,2.289380756963431,5.459201615073867
115,win,1,0.230926,2.318485,2.549411,0.6194037647547554,0.7658249541630621,0.1759409433810493,1.11768508,0.2189303621299921,0.4513313737926582,1.0,2.215666931365158,16.101787168230317
116,win,6,0.336919,2.373185,2.710104,0.6202227422708325,0.87091064453125,0.2017130697373423,0.785058976,0.24727695535320546,0.5547979875425096,1.0,1.8024578719716033,27.129215054292477
117,win,2,0.179327,1.714811,1.8941379999999999,0.5915746480673654,0.9319396598704035,0.27544279813444006,0.829365015,0.2956845102424599,0.5307362266603812,1.0,1.8841751321413023,16.60861262823491
118,lose,0,0.206142,4.022929,4.229072,0.6064173550416014,1.0163789298324417,0.21267958596809702,1.455461025,0.27670030415958635,0.9051536223185535,1.0,1.1047848402114298,28.023249896864318
119,win,0,0.208455,2.629664,2.838119,0.6028631107952872,0.9740707040244826,0.2713657257690534,0.674957037,0.27467645255756395,0.7781674249694447,1.0,1.285070497572249,22.193794571843778
120,win,0,0.102977,3.815817,3.918794,0.630558930276069,0.9225323664956091,0.2480671347101045,0.573749065,0.23464536336495354,0.9792970802905736,1.0,1.0211405916816207,32.17511855959639
121,win,1,0.313916,1.5044170000000001,1.8183340000000001,0.6161918102275705,0.6539306640625,0.2786045416862749,0.757771015,0.22515993113186739,0.5129794957331605,1.0,1.9493956548317397,5.05408998865644
122,win,4,51.363931,1.972639,53.33657,0.5873605126739107,0.6950251254646782,0.012773849227478361,51.442619085,0.07853586026650342,0.680613970879328,1.0,1.4692616413795285,10.933982880626314
123,win,7,0.810128,2.642302,3.45243,0.6300943490807943,1.2012059001445452,0.1878685757328726,1.97755289,0.25684722425907525,0.6521861410963801,1.0,1.5333045843613227,28.190628921822224
124,lose,0,146.561544,4.023612,150.585157,0.5780260913339185,0.932461630745183,0.00582602090241834,148.45650196,0.06157785968792936,0.8765227565582852,1.0,1.1408716915993773,24.073118008333736
125,win,0,175.6752,2.951248,178.626449,0.4603788894400924,0.779052734375,0.005667954558807672,175.879996061,0.05896423925511823,1.0084614584776506,1.0,0.9916095370759892,19.256339449834396
126,win,2,0.419169,2.455223,2.874393,0.6180282165325145,0.804443359375,0.23261855837040096,1.840234041,0.2448387041143458,0.6724953473152664,1.0,1.4869991353727525,9.80473731919397
127,win,4,1.29487,2.698705,3.993576,0.5885837490457079,0.5618526654583457,0.13840168827455213,1.662238837,0.18453254094436405,0.5588554288264138,1.0,1.7893715412230704,19.527161106741627
128,win,6,0.179379,2.044651,2.224031,0.6306627139728562,0.8812437424200832,0.20888933842089275,0.85379529,0.23137834258964043,0.47091477948062865,1.0,2.1235264713987076,20.040850806480975
129,win,0,0.331676,1.920629,2.252306,0.5989435139834225,0.6172440569351263,0.2357068092655095,0.672197819,0.19458618410448894,0.5373889717281296,1.0,1.86084950121736,9.959970579198485
130,win,1,0.467548,1.62944,2.096988,0.626401949883678,0.8028961967567428,0.20702375635733908,0.827378034,0.2561602271898599,0.437733345562556,1.0,2.284495824084051,10.19514340081706
131,win,1,0.601984,2.030168,2.6321529999999997,0.6272334803269701,0.637521659521693,0.17627485112519134,1.667603016,0.17793295666584855,0.46705541487578833,1.0,2.1410735603310505,9.532943196714719
132,win,1,0.360465,1.379446,1.739911,0.6125535015147521,0.8671018336915289,0.26201810287356375,0.672382116,0.24284762530431936,0.4628504253224176,1.0,2.160525183277964,4.9058352739701645
133,win,3,0.439516,1.621634,2.061151,0.6188254013219875,0.515601834044099,0.19638733054789906,0.649007082,0.18062937198316428,0.41067644221456606,1.0,2.4350069719303016,6.282541992293366
134,win,2,0.360737,2.247824,2.608561,0.5939134509424555,0.8368648466731092,0.20942474610847192,0.719273806,0.2571575237131402,0.5504432700813453,1.0,1.8167176425868892,14.487882928442723
135,win,6,0.363312,1.632441,1.995754,0.6379653681412963,0.710601806640625,0.1801476111778846,0.750726939,0.23469289250709846,0.36203463185870366,1.0,2.762166687937976,12.566370614359172
136,win,5,0.156506,1.7043300000000001,1.860836,0.590540545441344,0.7529263675680823,0.2273996711630428,1.24237299,0.2200354225581665,0.42985019774345923,1.0,2.3263918575578146,24.025737143889312
137,win,4,0.464053,1.246836,1.71089,0.6118061649089712,0.7939798293639984,0.26462198171568596,0.751336336,0.2939432754477366,0.46069683623746793,1.0,2.1706248477134023,11.466446426614832
138,win,3,0.440973,2.548979,2.989953,0.6272470363773505,0.5891878447498767,0.1920116306556053,0.570101976,0.16393973906422699,0.5811105539415506,1.0,1.7208429501360978,11.451577336535507
139,win,3,0.183463,1.4552100000000001,1.638674,0.6097698042095422,0.7146337186272915,0.2658570803949173,0.627578021,0.18936680284634136,0.44305097709393876,1.0,2.257076615786298,6.7765552851152915
140,win,5,0.6741,1.3501750000000001,2.024276,0.6187128479738495,0.9965616328774558,0.22019672184929764,1.375237941,0.28362046291340476,0.4516440911097799,1.0,2.214132808740617,18.39650386975515
